abdul abdul
abhay abhay
abraham abraham
academy academy
account account
acharya acharya
achyut achyut
action actions
add add
additional additional
adinarayana adinarayana
advani advani
aereon aereon
age age
aged aged
aggarwal aggarwal
agree agree
ahmed ahmed
ahuja ahuja
ajit ajit
alaka alaka
ali ali
alike alike
alka alka
also also
alumnus alumni
amar amar
amit amit
amod amod
among among
amrit amrit
anagani anagani
anand anand
andhra andhra
anil anil
anonyme anonyme
anoop anoop
antia antia
antibody antibody
antigen antigens
appearance appearance
apply apply
arjunan arjunan
armed armed
article article articles
arunoday arunoday
arvind arvind
arvinder arvinder
arya arya
ashok ashok
ashwin ashwin
asinbomxuve asinbomxuve
assistant assistant
atluri atluri
attribution attribution
atul atul
august august
augustine augustine
author authors
authority authority
auto auto
available available
award award awards
awardcitation awardcitation
badrinath badrinath
badwe badwe
bafna bafna
bagai bagai
bajaj bajaj
bakthavathsalam bakthavathsalam
balachand balachand
balaji balaji
balakrishnan balakrishnan
balambal balambal
balasubramaniam balasubramaniam
balendu balendu
balram balram
balswarup balswarup
balu balu
bandopadhyay bandopadhyay
banerjee banerjee
banerji banerji
bang bang
baron baron
basu basu
batra batra
baveja baveja
bawaskar bawaskar
became became
behera behera
benjamin benjamin
bhagwan bhagwan
bhakti bhakti
bhalla bhalla
bhan bhan
bhandari bhandari
bhargava bhargava
bharti bharti
bhatia bhatia
bhatla bhatla
bhimsen bhimsen
bhupathiraju bhupathiraju
bhushan bhushan
bimola bimola
biography biography
biologist biologists
bir bir
bird bird
birth births
borges borges
born born
bothra bothra
brocklesby brocklesby
buckshey buckshey
buddy buddy
budhendra budhendra
card cards
career career
carolus caroli
category categories
center center
centerpx centerpx
centre centre
chacko chacko
chairman chairman
chakravarty chakravarty
chand chand
chandar chandar
chander chander
chandra chandra
chandran chandran
chandrasekar chandrasekar
chandrasekhar chandrasekhar
chandrashekar chandrashekar
chandrashekhar chandrashekhar
chandy chandy
change changes
channapatna channapatna
channaveerappa channaveerappa
chapter chapter
chaturvedi chaturvedi
chaudhury chaudhury
chawla chawla
chennai chennai
cherian cherian
chetri chetri
chintaman chintaman
chittoor chittoor
chooramani chooramani
choubey choubey
chowbey chowbey
chugh chugh
chunekar chunekar
cincinnati cincinnati
citation citation
citationneeded citationneeded
cite cite
citeweb citeweb
civilian civilian
code code
coluthur coluthur
committee committee
common commons
comparative comparative
conduct conduct
contact contact
content content contents
context context
contribute contribute
contribution contributions
control control
cookie cookie
cookiematch cookiematch
coonoor coonoor
council council
counterlistitema counterlistitema
create create
creative creative
csmaintcolorf csmaintcolorf
csmaintcolorfmedia csmaintcolorfmedia
cswsicon cswsicon
cultivation cultivation
current current
cyrus cyrus
da das
dada dada
daljeet daljeet
daljit daljit
dangre dangre
dasari dasari
dasgupta dasgupta
database databases
date dates
datta datta
dattatreyudu dattatreyudu
daughter daughter
dave dave
david david
davis davis
dawar dawar
day day
daya daya
dayal dayal
death deaths
december december
degree degree
deo deo
desa desa
desai desai
deshamane deshamane
deshpande deshpande
deulkar deulkar
devarajan devarajan
developer developers
devendra devendra
devi devi
dhanraj dhanraj
dhiman dhiman
dholakia dholakia
dhonden dhonden
died died
digambar digambar
dinesh dinesh
director director
disclaimer disclaimers
disease diseases
district district
dixit dixit
dmy dmy
doctor doctor doctors
doctoral doctoral
documented documented
dole dole
donate donate
dongre dongre
dorothy dorothy
download download
dsc dsc
dtaftercontent dtaftercontent
durga durga
ebnezar ebnezar
edit edit
edith edith
encyclopedia encyclopedia
english english
erach erach
ernest ernest
event events
exp exp
expert expert
extensive extensive
fernandez fernandez
file file
finding findings
fix fix
fluorescent fluorescent
fluorochrome fluorochrome
force forces
former former
foundation foundation
founding founding
fourth fourth
free free
gambhir gambhir
gandhi gandhi
ganesh ganesh
general general
george george
get get
gokhale gokhale
google google
gopal gopal
gopalan gopalan
gopalsamy gopalsamy
gopi gopi
gopinath gopinath
goud goud
government government
govind govind
govindappa govindappa
goyal goyal
graduated graduated
gregory gregory
grover grover
gulati gulati
guleria guleria
gullapalli gullapalli
gulshan gulshan
gupta gupta
gurdip gurdip
habeebullah habeebullah
hakim hakim
hameed hameed
han hans
hanumantha hanumantha
harbans harbans
harbhajan harbhajan
hardikar hardikar
hareendran hareendran
hargovind hargovind
haridas haridas
hariharan hariharan
harkishan harkishan
harpinder harpinder
harsh harsh
hasan hasan
hazra hazra
health health
held held
helen helen
help help
hemal hemal
hemant hemant
hemchand hemchand
heritage heritage
hidden hidden
hide hide
highest highest
hilda hilda
himmatrao himmatrao
hinduja hinduja
hingorani hingorani
history history
hlist hlist
hlistinline hlistinline
honoured honoured
hospital hospital
human human
idlockfree idlockfree
idlockfreeidlockfree idlockfreeidlockfree
idlocklimited idlocklimited
idlockregistration idlockregistration
idlocksubscription idlocksubscription
ilias ilias
immaneni immaneni
improved improved
inc inc
index index
india india
indian indian
indira indira
indu indu
influenza influenza
infobox infobox
infoboxperson infoboxperson
infoboxtable infoboxtable
information information
institute institute
international international
internship internship
involved involved
isaac isaac
ishwar ishwar
italia italia
item item
iyer iyer
jaber jaber
jacob jacob
jagat jagat
jai jai
jain jain
jalakantapuram jalakantapuram
jamshed jamshed
jasbir jasbir
jerusha jerusha
jhirad jhirad
jitendra jitendra
joachim joachim
john john
jose jose
joseph joseph
joshi joshi
journal journal
jugal jugal
julka julka
jump jump
june june
jyoti jyoti
kackar kackar
kadiyala kadiyala
kakarla kakarla
kalarickal kalarickal
kalyan kalyan
kamal kamal
kamala kamala
kamaljit kamaljit
kameshwar kameshwar
kameswaran kameswaran
kamini kamini
kamlakar kamlakar
kannan kannan
kant kant
kapur kapur
kar kar
karimpat karimpat
kate kate
kaul kaul
kehar kehar
keiki keiki
khader khader
khaleefathullah khaleefathullah
khalid khalid
khanolkar khanolkar
khatri khatri
khushdeva khushdeva
kiritkumar kiritkumar
kirpal kirpal
kirtane kirtane
kishore kishore
known known
knownfor knownfor
kochupillai kochupillai
kodaganur kodaganur
kohli kohli
kolhe kolhe
konwar konwar
kotecha kotecha
kothari kothari
kriplani kriplani
krishan krishan
krishana krishana
krishna krishna
krishnaji krishnaji
krishnamoorthy krishnamoorthy
krishnan krishnan
krishnaswami krishnaswami
kumar kumar
kumari kumari
kureel kureel
kurup kurup
kushal kushal
lahane lahane
lahiri lahiri
laishram laishram
lakshmikutty lakshmikutty
lal lal
lalit lalit
landol landol
language language
last last
lata lata
lavu lavu
laxmi laxmi
laxmishanker laxmishanker
lazarus lazarus
learn learn
leela leela
leprae leprae
leprosy leprosy
leprosycitation leprosycitation
liaftercontent liaftercontent
license license
like like
link link links
lissamine lissamine
list list
log log
logged logged
lucy lucy
luis luis
lukose lukose
luthra luthra
madanur madanur
made made
mahadeorao mahadeorao
mahajan mahajan
mahapatra mahapatra
mahashabde mahashabde
mahatme mahatme
mahdi mahdi
mahendra mahendra
mahesh mahesh
mahipal mahipal
main main
maint maint
malhotra malhotra
malvika malvika
malviya malviya
mammen mammen
manchanda manchanda
mandal mandal
mani mani
manjhi manjhi
manjula manjula
manjunath manjunath
mannam mannam
manohar manohar
manoranjan manoranjan
mansoor mansoor
mansukhlal mansukhlal
many many
marthanda marthanda
marwah marwah
mary mary
mathangi mathangi
mathew mathew
mathur mathur
mavjibhai mavjibhai
may may
maydeo maydeo
mayilvahanan mayilvahanan
mbbchir mbbchir
medical medical
medicine medicine medicines
medium medium
mehra mehra
mehray mehray
mehta mehta
member member members
memorial memorial
menon menon
mental mental
menu menu
meshram meshram
method method
microbiologist microbiologist microbiologists
microbiology microbiology
milind milind
mishra mishra
misra misra
mobile mobile
modi modi
mohammed mohammed
mohan mohan
mohandas mohandas
mohsin mohsin
mondal mondal
mooss mooss
mootha mootha
moreshwar moreshwar
mortality mortality
move move
mukesh mukesh
mukherjee mukherjee
multiple multiple
munishwar munishwar
munshi munshi
murugappa murugappa
nabakishore nabakishore
nachiyar nachiyar
nadu nadu
naduthcentury naduthcentury
nagarur nagarur
nageshwar nageshwar
nageswara nageswara
naik naik
nair nair
nalini nalini
name names
namperumalsamy namperumalsamy
nanalal nanalal
narain narain
narayana narayana
narendra narendra
narendranath narendranath
naresh naresh
narmada narmada
natarajan natarajan
nath nath
nation nations
national national
natteri natteri
navbar navbar
navbarfontsizemedia navbarfontsizemedia
navbarmini navbarmini
navbox navbox
navboximage navboximage
navboxsubgroup navboxsubgroup
navboxtitle navboxtitle
navigation navigation
nayudamma nayudamma
needed needed
neelakandan neelakandan
neerja neerja
nephrologist nephrologist
nigam nigam
nikhil nikhil
nitish nitish
nitya nitya
nityanand nityanand
nonprofit nonprofit
noordeen noordeen
nori nori
notable notable
november november
nundy nundy
occupation occupations
oclc oclc
oclccite oclccite
october october
officer officer
official officials
officialsthcentury officialsthcentury
ollibeforecontent ollibeforecontent
omesh omesh
one one
online online
oommen oommen
ophthalmologist ophthalmologist
organization organization
organizationname organizationname
padma padma
page page pages
pahwa pahwa
pal pal
palaniswamy palaniswamy
panagariya panagariya
pande pande
pandey pandey
pandit pandit
panel panel
panicker panicker
pant pant
parangipettai parangipettai
pareek pareek
parent parents
parmar parmar
parthasarathi parthasarathi
passey passey
pasteur pasteur
pasupuleti pasupuleti
patel patel
patent patent patents
pathi pathi
paul paul
paull paull
pawan pawan
pdf pdf
pdfprintable pdfprintable
people people
perakath perakath
periappuram periappuram
permanent permanent
person person
personal personal
perugu perugu
philip philip
physician physician
pillai pillai
pillarisetti pillarisetti
policy policy
pondicherry pondicherry
poonawalla poonawalla
poonen poonen
portal portal
portalborderborderpx portalborderborderpx
portalleftmarginem portalleftmarginem
position position
post post
posthumous posthumous
poulose poulose
prabhakar prabhakar
prabhu prabhu
pradeep pradeep
pradhan pradhan
prahlad prahlad
prakash prakash
pramod pramod
prasad prasad
prasada prasada
praveen praveen
prema prema
present present
printbodyns printbodyns
printexport printexport
privacy privacy
project projects
prokar prokar
publication publication publications
pukhraj pukhraj
purshottam purshottam
rabies rabies
rabindra rabindra
radha radha
radhe radhe
raghu raghu
rahman rahman
rai rai
raj raj
rajagopal rajagopal
rajagopalan rajagopalan
rajan rajan
rajannachar rajannachar
rajasekaran rajasekaran
rajendra rajendra
rajesh rajesh
rajgopal rajgopal
rakesh rakesh
ram ram
ramachandra ramachandra
ramakant ramakant
ramakrishnan ramakrishnan
ramalingaswami ramalingaswami
ramamurthi ramamurthi
raman raman
ramana ramana
ramaswami ramaswami
ramaswamy ramaswamy
ramesh ramesh
ramniklal ramniklal
rana rana
randeep randeep
randhir randhir
random random
rani rani
ranjit ranjit
rao rao
rapid rapid
ratan ratan
rathin rathin
ravi ravi
ravindra ravindra
rawat rawat
ray ray
read read
reading reading
recent recent
recipient recipient recipients
recipientsin recipientsin
reddy reddy
reference reference references
reflist reflist
reflistcolumns reflistcolumns
reg reg
registered registered
related related
report report
research research
researcher researcher researchers
retirement retirement
retrieved retrieved
reuben reuben
rhodamine rhodamine
rissam rissam
robert robert
roy roy
ruit ruit
sabah sabah
sabharwal sabharwal
sachdev sachdev
sadagopan sadagopan
sahariah sahariah
sahu sahu
saibaba saibaba
sainani sainani
sama sama
samiran samiran
sandra sandra
sanduk sanduk
sanjeev sanjeev
sanjivi sanjivi
sankaran sankaran
santosh santosh
santra santra
sarbeswar sarbeswar
sarma sarma
saroj saroj
sat sat
sathyamurthy sathyamurthy
saumitra saumitra
saxena saxena
science sciences
sciencescitation sciencescitation
screen screen
search search
secured secured
semple semple
senior senior
sennimalai sennimalai
september september
served served
service services
seshiah seshiah
seth seth
sethi sethi
several several
shah shah
shaik shaik
shaikha shaikha
shanta shanta
shantha shantha
shanti shanti
sharad sharad
share share
sharma sharma
shashank shashank
sheikha sheikha
sheo sheo
shetty shetty
shiela shiela
shishupal shishupal
shiv shiv
shortened shortened
shri shri
shrinivas shrinivas
shyam shyam
shyama shyama
siddhartha siddhartha
sidebar sidebar
singh singh
singhal singhal
sinha sinha
site site
siva siva
sivapatham sivapatham
smita smita
sneh sneh
societe societe
society society
soin soin
solid solid
solomon solomon
somaraju somaraju
son sons
soniya soniya
south south
souza souza
special special
spouse spouse
sriman sriman
srinivas srinivas
srinivasan srinivasan
srivastava srivastava
staining staining
stanley stanley
started started
state state states
statement statement statements
statistic statistics
study studies
subba subba
subhadra subhadra
subrat subrat
sud sud
sudam sudam
sudarshan sudarshan
sudhir sudhir
sundaram sundaram
sunil sunil
suniti suniti
sunkara sunkara
supplement supplement
suresh suresh
survived survived
sushovan sushovan
syed syed
table table
talk talk
tambe tambe
tamil tamil
tandon tandon
taraprasad taraprasad
tdhlist tdhlist
tehemton tehemton
tejas tejas
template template
term terms
tewari tewari
text text
thakur thakur
thaliath thaliath
thanikachalam thanikachalam
thayil thayil
thbodyskinresponsive thbodyskinresponsive
thenumgal thenumgal
thiruvengadam thiruvengadam
tibrewal tibrewal
till till
titiyal titiyal
toggle toggle
tony tony
tool tools
top top
topic topic
total total
trademark trademark
treated treated
treatment treatment
trehan trehan
triguna triguna
tripathi tripathi
trivedi trivedi
tsering tsering
tuberculosis tuberculosis
udupa udupa
udwadia udwadia
ulpaddingem ulpaddingem
understanding understanding
united united
university university
unsourced unsourced
untreated untreated
upadhyaya upadhyaya
upendra upendra
upload upload
urldownload urldownload
use use
usha usha
using using
utc utc
vaccine vaccine
vaid vaid
vaidya vaidya
vaishya vaishya
valiathan valiathan
vallalarpuram vallalarpuram
value value
vamsi vamsi
var var
vardachari vardachari
varma varma
vasant vasant
vazifdar vazifdar
vector vector
veer veer
veeraraghavan veeraraghavan
veeraswamy veeraswamy
velmurugendran velmurugendran
veluchamy veluchamy
venkata venkata
venkataraman venkataraman
venkataswami venkataswami
venkataswamy venkataswamy
venkatesa venkatesa
vera vera
verghese verghese
verma verma
version version
vhs vhs
viafnational viafnational
vice vice
view view
vijay vijay
vijayalakshmi vijayalakshmi
vijayaraghavan vijayaraghavan
vijaykumar vijaykumar
vikas vikas
vikram vikram
vila vilas
vinayak vinayak
vipin vipin
vir vir
virus virus
vishwa vishwa
vishwakarma vishwakarma
vitro vitro
vittal vittal
voluntary voluntary
vulimiri vulimiri
wahi wahi
wali wali
warrier warrier
wasir wasir
way way
wife wife
wikidata wikidata
wikimedia wikimedia
wikipedia wikipedia
william william
working working
world world
worldcat worldcat
writer writers
written written
yadav yadav
yarlagadda yarlagadda
yash yash
yazdi yazdi
yeshi yeshi
yog yog
yogesh yogesh
yogi yogi
zillur zillur
